{"cameraMode":{"drawMode":0,"name":"Shaded","section":"Shading Mode"},"sceneLighting":false,"audioPlay":false,"sceneViewState":{"showFog":true,"showMaterialUpdate":false,"showSkybox":false,"showFlares":true,"showImageEffects":true,"showParticleSystems":true},"in2DMode":false,"pivot":{"x":0.010903656482696534,"y":0.21655511856079102,"z":-0.2725496292114258},"rotation":{"x":-0.004131379537284374,"y":-0.9085836410522461,"z":0.4175862967967987,"w":-0.008988725952804089},"size":46.90306091308594,"orthographic":false}