{"cameraMode":{"drawMode":0,"name":"Shaded","section":"Shading Mode"},"sceneLighting":true,"audioPlay":false,"sceneViewState":{"showFog":true,"showMaterialUpdate":false,"showSkybox":true,"showFlares":true,"showImageEffects":true,"showParticleSystems":true},"in2DMode":false,"pivot":{"x":6.25518798828125,"y":-43.63360595703125,"z":-44.606964111328128},"rotation":{"x":0.25598499178886416,"y":-0.3452497124671936,"z":0.09842830896377564,"w":0.8975697755813599},"size":196.79632568359376,"orthographic":false}